sample_id,As_ppm,Cu_ppm,quartz_pct,lithology,sulfur_pct,vein_density_m_inv,alteration_index,Au_g_t
SYN-LIN-0001,209,410.18,39.69,granodiorite,2.64,6.95,44.36,5.2017
SYN-LIN-0002,219.51,459.09,43.96,granodiorite,3.43,7.78,50.33,6.3777
SYN-LIN-0003,240.74,423.67,41.44,granodiorite,3.34,8.66,54.33,6.3426
SYN-LIN-0004,133.61,379.53,28.84,granodiorite,2.14,4.54,39.21,3.4357
SYN-LIN-0005,203.5,427.77,39.2,granodiorite,3.01,7.69,34.76,5.3771
SYN-LIN-0006,282.05,486.59,48.24,granodiorite,4.38,12.11,57.27,8.4206
SYN-LIN-0007,213.7,415.59,43.14,andesite,3.81,9.18,56.41,6.5803
SYN-LIN-0008,133.38,372.19,35.57,granodiorite,2.01,5.75,33.1,3.7369
SYN-LIN-0009,209.58,403.9,34.26,granodiorite,2.42,6.61,50.9,5.0323
SYN-LIN-0010,162.8,372.51,35.31,granodiorite,2.8,5.8,35.9,4.247
SYN-LIN-0011,121.07,335.02,30.87,granodiorite,1.75,4.94,20.16,2.6197
SYN-LIN-0012,286.24,560.17,47.05,granodiorite,3.48,10.25,60,7.9136
SYN-LIN-0013,236.98,469.41,42.03,andesite,2.76,8.46,32.53,5.7094
SYN-LIN-0014,138.12,366.48,37.73,granodiorite,2.73,5.39,40.99,4.2085
SYN-LIN-0015,202.23,434.26,42.71,andesite,3.17,9.31,52.88,6.4098
SYN-LIN-0016,120.5,295.02,25.61,andesite,1.83,4.72,27.92,2.4001
SYN-LIN-0017,217.21,406.43,31.79,granodiorite,2.37,6.98,47.16,4.9535
SYN-LIN-0018,258.82,540.56,43.07,granodiorite,3.21,8.27,64.83,7.224
SYN-LIN-0019,258.59,467.61,45.03,andesite,3.02,9.92,54.4,6.9845
SYN-LIN-0020,271.55,481.58,48.35,andesite,4.6,11.94,57.32,8.4308
SYN-LIN-0021,214.18,421.63,44.36,andesite,3.32,9.53,58.27,6.7204
SYN-LIN-0022,226.43,416.61,35.29,andesite,3.2,6.59,52.21,5.5843
SYN-LIN-0023,263.13,494,45.59,andesite,3.39,10.27,62.19,7.4352
SYN-LIN-0024,296.82,533.08,50.05,andesite,3.75,10.76,71.63,8.5125
SYN-LIN-0025,251.11,504.26,53.51,granodiorite,3.24,7.98,52.3,7.1154
SYN-LIN-0026,300.34,550.7,46.49,granodiorite,3.18,10.76,79.78,8.3884
SYN-LIN-0027,268.66,552.94,51.71,granodiorite,3.18,10,55.91,7.8238
SYN-LIN-0028,296.11,515.32,49.31,andesite,3.23,10.67,68.87,8.128
SYN-LIN-0029,176.33,328.41,32.12,andesite,1.6,5.83,25.12,3.398
SYN-LIN-0030,220.9,521.87,45.98,andesite,3.13,9.64,54.09,6.8555
SYN-LIN-0031,160.08,384.02,40.06,granodiorite,3.25,8.88,56.1,5.7936
SYN-LIN-0032,250.94,475.84,40.76,andesite,3.09,9.35,50.66,6.5306
SYN-LIN-0033,271.26,490.43,48.58,andesite,3.67,6.52,60.87,7.1662
SYN-LIN-0034,272.31,557.8,49.74,andesite,4.05,10.55,70.12,8.649
SYN-LIN-0035,255.87,619.66,55.43,granodiorite,4.19,10.77,68.8,8.9137
SYN-LIN-0036,188.33,378.27,32.75,andesite,2.32,5.26,49.17,4.4044
SYN-LIN-0037,278.25,575.33,45.41,andesite,3.61,9.48,58.02,8.0185
SYN-LIN-0038,300.26,502.42,42.4,granodiorite,3.7,10.55,50.03,7.5612
SYN-LIN-0039,207,370.25,37.84,granodiorite,2.53,6.17,39.36,4.7116
SYN-LIN-0040,151.49,362.08,35.83,andesite,2.4,6.03,38.04,4.1879
SYN-LIN-0041,126.55,303.67,28.72,andesite,2.24,4.48,33.85,2.9524
SYN-LIN-0042,264.63,491.3,45.99,granodiorite,3.4,9.1,52.32,7.096
SYN-LIN-0043,211.65,460.87,36.01,granodiorite,2.67,9.18,45.53,5.562
SYN-LIN-0044,274.95,585.2,50.88,granodiorite,3.64,10.46,66.16,8.5449
SYN-LIN-0045,260.29,420.69,33.81,andesite,2.95,8.18,46.55,5.7832
SYN-LIN-0046,336.45,597.88,48.4,andesite,4.05,9.3,61.41,8.638
SYN-LIN-0047,231.3,467.67,38.64,granodiorite,2.6,9.03,42.94,5.8942
SYN-LIN-0048,246.36,568.74,51.48,andesite,3.59,10.27,57.67,7.9583
SYN-LIN-0049,172.72,368.14,39.47,andesite,2.33,5.36,37.71,4.2161
SYN-LIN-0050,243.2,509.12,39.36,granodiorite,3.28,8.82,56.75,6.86
SYN-LIN-0051,278.24,459.3,52.07,granodiorite,4.04,8.63,61.27,7.7043
SYN-LIN-0052,315.94,541.25,51.01,andesite,4.21,11.54,64.79,9.086
SYN-LIN-0053,285.85,498.29,47.23,granodiorite,3.36,9.66,63.69,7.6041
SYN-LIN-0054,162.49,342.88,30.34,andesite,2.55,5.05,26.91,3.4425
SYN-LIN-0055,213.9,400.25,37.15,granodiorite,2.6,6.82,38.49,5.1042
SYN-LIN-0056,155.43,336.1,29.54,granodiorite,2.39,4.8,26.68,3.3556
SYN-LIN-0057,117.53,419.47,29.25,andesite,2.24,6.24,30.82,3.638
SYN-LIN-0058,249.92,486.37,39.51,granodiorite,3.24,9.27,50.5,6.584
SYN-LIN-0059,241.66,515.09,39.93,andesite,2.92,9.83,59.44,6.862
SYN-LIN-0060,235.13,507.89,48.76,granodiorite,3.5,9.63,65.04,7.6049
SYN-LIN-0061,316.15,540.25,47.84,andesite,3.29,10.62,55.73,8.0344
SYN-LIN-0062,297.04,507.67,43.74,andesite,3.75,9.08,59.72,7.6691
SYN-LIN-0063,298.59,537.27,47.25,granodiorite,4.03,11.68,60.8,8.5507
SYN-LIN-0064,153.55,380.91,31.85,granodiorite,1.87,3.98,33.87,3.3035
SYN-LIN-0065,207.78,441.64,34.23,andesite,2.55,7.47,39.31,4.9538
SYN-LIN-0066,239.77,489.66,40.72,granodiorite,3.04,9.88,46.74,6.5297
SYN-LIN-0067,281.84,555.76,52.72,granodiorite,3.54,9.43,57.26,8.1205
SYN-LIN-0068,116.23,292.41,33.41,andesite,2.23,6.9,30.34,3.2491
SYN-LIN-0069,231.23,450.56,42.01,granodiorite,3.02,8.92,56.35,6.4631
SYN-LIN-0070,249.72,524.14,47.53,granodiorite,3.84,9.88,44.69,7.3441
SYN-LIN-0071,115.56,366.2,32.88,andesite,1.92,5.2,33.12,3.2841
SYN-LIN-0072,203.07,433.44,41.43,andesite,3.08,7.23,52.72,5.8338
SYN-LIN-0073,281.52,574.74,51.56,granodiorite,3.82,10.2,64.97,8.6538
SYN-LIN-0074,287.72,507.68,46.13,andesite,3.57,9.36,59.95,7.7174
SYN-LIN-0075,198.06,427.37,35.45,granodiorite,2.35,7.6,35.57,4.7221
SYN-LIN-0076,276.7,544.39,44.78,granodiorite,3.69,10.27,63.44,8.0606
SYN-LIN-0077,201.26,401.58,38.71,andesite,2.66,6.32,34.84,4.7387
SYN-LIN-0078,277.53,546.09,43.92,andesite,3.47,10.81,51.01,7.6075
SYN-LIN-0079,183.29,303.28,32.5,granodiorite,2.78,7.57,47.24,4.6225
SYN-LIN-0080,210.2,484.54,46.55,andesite,3.36,9.09,48.1,6.6319
SYN-LIN-0081,200.13,302.68,40.35,andesite,2.96,8.01,43.33,5.1625
SYN-LIN-0082,167.26,338.05,39.59,granodiorite,2.98,6.42,33.23,4.4326
SYN-LIN-0083,253.84,557.95,48.36,granodiorite,4.18,9.54,57.57,7.9955
SYN-LIN-0084,181.47,391.07,28.63,granodiorite,2.27,5.4,36.53,3.8518
SYN-LIN-0085,162.33,311.3,29.23,granodiorite,2.27,4.14,29.31,3.0431
SYN-LIN-0086,154.69,388.14,36.55,granodiorite,2.51,7.25,45.79,4.8027
SYN-LIN-0087,252.07,548.28,45.49,andesite,3.44,9.24,61.24,7.5968
SYN-LIN-0088,291.49,507.52,51.19,granodiorite,3.45,9.47,64.09,8.1111
SYN-LIN-0089,323.53,645.06,50.76,granodiorite,4.45,8.51,71.29,9.432
SYN-LIN-0090,210.4,401.06,36.3,granodiorite,2.69,5.73,50.69,4.9855
SYN-LIN-0091,206.14,441.62,34.47,granodiorite,2.75,8.39,40.34,5.3544
SYN-LIN-0092,142.96,417.16,32.8,andesite,2.61,5.26,35.17,3.9643
SYN-LIN-0093,207.7,472.37,41.81,granodiorite,2.54,8.75,59.34,6.1593
SYN-LIN-0094,307.33,535.74,49.42,andesite,3.43,9.82,76.98,8.4384
SYN-LIN-0095,260.64,494.52,44.03,granodiorite,3.62,10.41,50.07,7.2392
SYN-LIN-0096,264.07,471.65,41.67,andesite,3.21,8.45,52.06,6.5812
SYN-LIN-0097,227.42,378.31,36.51,andesite,2.85,7.6,53.3,5.5336
SYN-LIN-0098,283.49,541.08,55.92,andesite,3.46,12.45,69.46,8.7992
SYN-LIN-0099,191.64,424.32,39.6,granodiorite,2.99,9.26,50.97,5.9934
SYN-LIN-0100,154.35,393.31,30.41,granodiorite,2.83,5.55,34.16,3.9905
SYN-LIN-0101,203.33,418.85,29.72,andesite,2.96,6.69,42.47,5.1373
SYN-LIN-0102,146.22,336.62,26.61,andesite,2.18,5.13,34.3,3.1924
SYN-LIN-0103,159.37,374.91,31.96,andesite,2.28,6.64,36.67,4.0596
SYN-LIN-0104,148.49,341.74,26.12,andesite,1.92,5.02,30.47,2.8971
SYN-LIN-0105,201.24,459.51,43.52,granodiorite,2.31,7.39,48.57,5.723
SYN-LIN-0106,227.46,448.7,42.67,andesite,3.34,10.04,51.58,6.7924
SYN-LIN-0107,201.9,377.39,40.57,andesite,2.92,6.96,46.71,5.3385
SYN-LIN-0108,198.26,468.01,38.3,andesite,2.4,9.45,63.14,6.0309
SYN-LIN-0109,298.94,546.36,51.15,andesite,3.73,10.83,58.42,8.4251
SYN-LIN-0110,266.43,462.87,45.75,granodiorite,3.18,11.01,61.89,7.3828
SYN-LIN-0111,201.01,474.72,40.99,granodiorite,2.81,8.55,47.38,6.0737
SYN-LIN-0112,174.75,413.86,40.6,andesite,2.58,7.52,44.62,5.2332
SYN-LIN-0113,315.73,493.85,41.73,granodiorite,3.21,9.77,66.14,7.6651
SYN-LIN-0114,151.58,394.13,26.92,andesite,2.64,5.69,43.67,3.878
SYN-LIN-0115,144.64,432.8,33.98,andesite,2.86,7.34,49.6,4.9385
SYN-LIN-0116,243.75,560.75,49.87,andesite,3.75,11.28,67.44,8.4334
SYN-LIN-0117,225.38,478.32,43.03,andesite,2.36,8.21,57.52,6.2803
SYN-LIN-0118,259.46,460.97,47.41,andesite,3.21,8.37,46.56,6.7688
SYN-LIN-0119,231.88,482.9,40.89,granodiorite,3.53,7.4,62.54,6.598
SYN-LIN-0120,271.75,476.66,47.11,granodiorite,2.53,7.72,58.24,6.6788
SYN-LIN-0121,128.03,385.63,38.65,granodiorite,2.5,5.31,48.01,4.4348
SYN-LIN-0122,187.49,417.18,34.41,andesite,2.15,6.54,32.82,4.198
SYN-LIN-0123,226.57,457.1,38.97,andesite,2.87,7.88,38.25,5.6486
SYN-LIN-0124,139.61,427.6,32.65,andesite,2.12,5.92,37.03,4.0101
SYN-LIN-0125,271.38,584.01,47.1,andesite,3.86,8.35,64.88,8.0118
SYN-LIN-0126,168.45,394.29,37.14,andesite,2.72,6.54,42.92,4.6203
SYN-LIN-0127,209.8,476.61,41.85,granodiorite,3.64,8.23,58.53,6.6687
SYN-LIN-0128,259.41,545.84,47.01,granodiorite,3.53,11.51,51.79,7.8054
SYN-LIN-0129,297.39,522.19,51.76,granodiorite,3.67,8.48,66.81,8.0991
SYN-LIN-0130,251.3,439.61,30.29,granodiorite,2.46,7.3,47.58,5.2562
SYN-LIN-0131,208.68,471.98,34.67,granodiorite,3.29,9.29,47.91,6.0689
SYN-LIN-0132,341.83,566.74,47.88,granodiorite,3.78,11.35,61.55,8.8078
SYN-LIN-0133,248.73,467.4,42.97,andesite,3.19,9.52,59.8,7.0058
SYN-LIN-0134,309.62,511.59,46.7,granodiorite,3.62,9.98,49.07,7.6903
SYN-LIN-0135,282.32,567.91,44.6,granodiorite,3.37,10.69,69.73,8.1654
SYN-LIN-0136,268.95,519.12,43.59,granodiorite,3.64,10.38,53.15,7.5458
SYN-LIN-0137,177.82,385.87,29.55,granodiorite,2.64,5.43,37.71,3.9653
SYN-LIN-0138,301.15,487.44,49.75,andesite,3.21,9.11,51.82,7.4413
SYN-LIN-0139,175.37,341.86,36.5,granodiorite,1.76,4.46,40.63,3.6793
SYN-LIN-0140,228.62,512.11,42.29,andesite,3.27,9.19,55.12,6.8735
SYN-LIN-0141,314.56,572.01,49.71,granodiorite,4.12,10.88,64.33,8.9785
SYN-LIN-0142,213.93,411.57,36.44,granodiorite,2.5,7.56,47.67,5.1156
SYN-LIN-0143,198.31,482.37,31.98,granodiorite,2.57,7.58,54.45,5.3307
SYN-LIN-0144,166.09,321.78,28.47,andesite,2.32,4.69,34.44,3.3883
SYN-LIN-0145,294.26,504.73,47.68,granodiorite,4,9.86,66.23,8.2248
SYN-LIN-0146,162.72,319.61,30.19,granodiorite,2.32,5.32,32.8,3.4875
SYN-LIN-0147,146.89,305.55,23.61,andesite,2.6,4.32,22.87,2.7309
SYN-LIN-0148,186.91,390.81,31.35,andesite,2.62,6.75,42.02,4.6425
SYN-LIN-0149,160,336.53,30.07,granodiorite,2.32,4.43,22.77,3.1945
SYN-LIN-0150,169.43,427.91,40.15,granodiorite,3.67,8.33,52.41,6.0868
SYN-LIN-0151,237.51,474.68,41.79,granodiorite,2.97,7.1,51.36,6.1369
SYN-LIN-0152,168.01,416.44,31.06,granodiorite,2.4,6.4,55.87,4.5752
SYN-LIN-0153,115.85,352.85,32.09,andesite,2.22,4.78,25.88,3.1477
SYN-LIN-0154,156.55,370.55,27.99,granodiorite,2.35,6.78,33.89,3.9371
SYN-LIN-0155,203.4,442.98,39.35,andesite,2.62,7.58,55.45,5.7695
SYN-LIN-0156,134.15,273.7,29.42,granodiorite,1.83,5.19,39.09,2.8917
SYN-LIN-0157,270.33,485.32,40.13,andesite,4.04,9.61,54.03,7.4114
SYN-LIN-0158,143.06,306.43,31.91,granodiorite,2.51,4.47,39.54,3.5557
SYN-LIN-0159,179.22,403.71,36.48,andesite,2.4,6.78,42.09,4.8281
SYN-LIN-0160,189.96,424.43,39.52,granodiorite,3.04,9.04,47.34,5.7453
