sample_id,As_ppm,Cu_ppm,quartz_pct,lithology,Au_g_t
SYN-RAN-0001,233.71,361.6,46,granodiorite,5.0187
SYN-RAN-0002,262.33,284.16,29.58,granodiorite,6.3581
SYN-RAN-0003,225.75,423.12,39.87,granodiorite,5.3101
SYN-RAN-0004,181.61,524.75,46.22,granodiorite,4.5574
SYN-RAN-0005,222.97,545.82,43.74,granodiorite,6.4179
SYN-RAN-0006,181.33,481.34,32.33,granodiorite,3.8362
SYN-RAN-0007,259.53,445.76,38.52,andesite,7.47
SYN-RAN-0008,189.36,553.92,38.76,granodiorite,5.05
SYN-RAN-0009,200.73,420.07,44.26,granodiorite,3.7675
SYN-RAN-0010,236.44,485.08,43.45,granodiorite,6.7548
SYN-RAN-0011,316.37,415.45,35.9,granodiorite,5.6421
SYN-RAN-0012,183.38,502.36,49.03,granodiorite,4.5055
SYN-RAN-0013,214.87,378.59,33.4,andesite,3.741
SYN-RAN-0014,249.28,513.18,44.35,granodiorite,7.7358
SYN-RAN-0015,190.05,469.73,40.93,andesite,4.765
SYN-RAN-0016,229.84,524.07,41.79,andesite,6.218
SYN-RAN-0017,250.55,455.74,42.31,granodiorite,6.7508
SYN-RAN-0018,248.41,326.14,37.44,granodiorite,5.6007
SYN-RAN-0019,198.83,395.7,37.8,andesite,4.6446
SYN-RAN-0020,287.27,376.4,47.75,andesite,7.5447
SYN-RAN-0021,144.27,421.53,41.3,andesite,3.4214
SYN-RAN-0022,246.38,510.45,46.35,andesite,7.8995
SYN-RAN-0023,204.31,410.7,46.86,andesite,2.4955
SYN-RAN-0024,211.39,341.57,30.93,andesite,3.7191
SYN-RAN-0025,178.62,492.26,41.14,granodiorite,4.0889
SYN-RAN-0026,251.07,413.68,41.27,granodiorite,5.9491
SYN-RAN-0027,248.15,423.71,43.65,granodiorite,7.0005
SYN-RAN-0028,190.21,419.14,36.95,andesite,4.699
SYN-RAN-0029,166.19,491.39,36.24,andesite,3.4459
SYN-RAN-0030,220.56,490.86,43.57,andesite,5.6906
SYN-RAN-0031,249.94,441.63,36.61,granodiorite,6.7581
SYN-RAN-0032,216.41,306.58,28.42,andesite,5.8245
SYN-RAN-0033,160.48,365.23,43.2,andesite,2.2839
SYN-RAN-0034,179.25,417.86,50.39,andesite,3.2531
SYN-RAN-0035,203.97,512.69,32.53,granodiorite,6.4272
SYN-RAN-0036,210.76,369.25,37.29,andesite,3.359
SYN-RAN-0037,257.81,303.18,43.48,andesite,6.0138
SYN-RAN-0038,230.7,399.5,28.43,granodiorite,5.3781
SYN-RAN-0039,223.25,404.99,41.86,granodiorite,4.8632
SYN-RAN-0040,220.98,586.15,38.09,andesite,6.7894
SYN-RAN-0041,173.94,465.24,41.76,andesite,3.1761
SYN-RAN-0042,281.16,520.98,42.85,granodiorite,6.937
SYN-RAN-0043,285.85,348.96,34.88,granodiorite,7.111
SYN-RAN-0044,178.3,416.87,28.99,granodiorite,2.699
SYN-RAN-0045,248.58,431.11,28.23,andesite,7.3815
SYN-RAN-0046,174.3,476.65,46.71,andesite,3.8142
SYN-RAN-0047,309.85,697.68,43.32,granodiorite,6.4648
SYN-RAN-0048,175.47,268.78,42.14,andesite,3.386
SYN-RAN-0049,183.42,414.69,35.1,andesite,3.6802
SYN-RAN-0050,213.66,540.61,41.26,granodiorite,6.0996
SYN-RAN-0051,212.86,361.97,26.6,granodiorite,3.4638
SYN-RAN-0052,198.12,445.43,54.14,andesite,4.0908
SYN-RAN-0053,225.86,533.53,36.01,granodiorite,5.8904
SYN-RAN-0054,166.68,367.97,34.2,andesite,3.1607
SYN-RAN-0055,315.78,380.18,46.71,granodiorite,4.3966
SYN-RAN-0056,179.37,529.18,43.08,granodiorite,4.5834
SYN-RAN-0057,212.95,446.54,34.76,andesite,4.0406
SYN-RAN-0058,240.07,411.33,30.2,granodiorite,5.3357
SYN-RAN-0059,162.49,464.67,52.63,andesite,3.5115
SYN-RAN-0060,227.2,439.92,42.29,granodiorite,5.6013
SYN-RAN-0061,278.77,468.65,36.71,andesite,7.7349
SYN-RAN-0062,269.78,486.44,52.29,andesite,9.1428
SYN-RAN-0063,228.25,345.92,29.05,granodiorite,5.221
SYN-RAN-0064,294.29,596.51,38.56,granodiorite,7.6971
SYN-RAN-0065,202.76,574.22,31.14,andesite,5.3526
SYN-RAN-0066,179.74,504.68,36.84,granodiorite,3.8976
SYN-RAN-0067,219.77,436.11,42.7,granodiorite,5.2919
SYN-RAN-0068,283.34,457.7,45.15,andesite,6.4956
SYN-RAN-0069,127.74,445.86,33.25,granodiorite,4.1964
SYN-RAN-0070,165.15,375.36,37.33,granodiorite,3.9041
SYN-RAN-0071,261.22,337.26,40.25,andesite,6.2409
SYN-RAN-0072,198.21,422.15,48.02,andesite,2.1775
SYN-RAN-0073,244.22,563.68,38.76,granodiorite,8.6153
SYN-RAN-0074,188.68,430.97,41.94,andesite,5.0024
SYN-RAN-0075,227.95,357.83,40.72,granodiorite,5.226
SYN-RAN-0076,230.27,663.99,55.01,granodiorite,5.5693
SYN-RAN-0077,181.6,425.57,28.29,andesite,2.9381
SYN-RAN-0078,193.42,476.83,49.65,andesite,4.5422
SYN-RAN-0079,187.19,394.4,22.82,granodiorite,3.1716
SYN-RAN-0080,212.68,359.69,35.76,andesite,3.8248
SYN-RAN-0081,180.54,441.99,25.94,andesite,3.4933
SYN-RAN-0082,153.98,630.99,29.7,granodiorite,4.7698
SYN-RAN-0083,170.64,606.14,63.24,granodiorite,3.2299
SYN-RAN-0084,167.28,418.7,42.73,granodiorite,3.4593
SYN-RAN-0085,297.79,366.12,38.04,granodiorite,7.6551
SYN-RAN-0086,254.98,486.96,36.99,granodiorite,8.0834
SYN-RAN-0087,213.98,333.13,38.09,andesite,4.4082
SYN-RAN-0088,208.01,469.73,35.56,granodiorite,5.379
SYN-RAN-0089,241.22,536.08,41.24,granodiorite,7.8264
SYN-RAN-0090,235.83,454.52,40,granodiorite,4.8207
SYN-RAN-0091,187.53,476.9,39.22,granodiorite,4.613
SYN-RAN-0092,314.19,583.74,43.09,andesite,6.3654
SYN-RAN-0093,185.66,355.45,49.53,granodiorite,4.4483
SYN-RAN-0094,231.82,490.81,26.04,andesite,6.806
SYN-RAN-0095,261.73,488.63,31.12,granodiorite,9.2104
SYN-RAN-0096,198.78,472.42,40.42,andesite,4.2561
SYN-RAN-0097,206.85,441.2,37.98,andesite,4.5863
SYN-RAN-0098,226.87,575.08,19.47,andesite,6.8315
SYN-RAN-0099,209.34,465,42.37,granodiorite,3.784
SYN-RAN-0100,203.26,300.68,42.62,granodiorite,4.1204
SYN-RAN-0101,297.73,319.62,46.91,andesite,7.1119
SYN-RAN-0102,205.22,444.79,31.58,andesite,3.9018
SYN-RAN-0103,204.95,560.5,44.66,andesite,4.1976
SYN-RAN-0104,297.95,550.08,43.51,andesite,7.5019
SYN-RAN-0105,298.48,487.31,46.62,granodiorite,6.902
SYN-RAN-0106,206.65,455.66,34.42,andesite,3.9707
SYN-RAN-0107,264.53,349.84,46.26,andesite,6.9127
SYN-RAN-0108,211.42,549.56,46.01,andesite,4.5638
SYN-RAN-0109,301.93,512.12,27.42,andesite,6.267
SYN-RAN-0110,216.99,350.38,35.85,granodiorite,5.1261
SYN-RAN-0111,288.01,504.19,34.41,granodiorite,7.5706
SYN-RAN-0112,174.38,452.79,30.27,andesite,1.3559
SYN-RAN-0113,189.8,476.52,49.24,granodiorite,5.0955
SYN-RAN-0114,247.39,255.24,42.43,andesite,6.6826
SYN-RAN-0115,223.24,485.18,52.93,andesite,5.9373
SYN-RAN-0116,127.15,399.76,44.73,andesite,3.6433
SYN-RAN-0117,148.83,575.46,42.95,andesite,5.1432
SYN-RAN-0118,258.1,401.47,46.51,andesite,7.0802
SYN-RAN-0119,268.08,469.79,41.88,granodiorite,9.7431
SYN-RAN-0120,232.17,376.62,38.82,granodiorite,6.0121
SYN-RAN-0121,213.14,482.59,48,granodiorite,6.0282
SYN-RAN-0122,172.37,439.37,51.85,andesite,2.8994
SYN-RAN-0123,186.54,380.11,41.62,andesite,3.8051
SYN-RAN-0124,258,450.97,50.63,andesite,7.2571
SYN-RAN-0125,258.56,521.55,44.43,andesite,8.8773
SYN-RAN-0126,324.74,432.56,23.97,andesite,4.4274
SYN-RAN-0127,292.19,411.1,40.86,granodiorite,6.2782
SYN-RAN-0128,278.93,313.81,29.99,granodiorite,6.62
SYN-RAN-0129,147.94,382.5,43.52,granodiorite,3.9476
SYN-RAN-0130,243.59,473.48,28.7,granodiorite,8.5134
SYN-RAN-0131,116.05,454.62,36.23,granodiorite,4.8866
SYN-RAN-0132,240.67,509.67,41.11,granodiorite,7.1233
SYN-RAN-0133,254.21,469.48,44.24,andesite,8.1529
SYN-RAN-0134,188.29,434.73,41.57,granodiorite,3.172
SYN-RAN-0135,256.92,416.53,44.17,granodiorite,7.4433
SYN-RAN-0136,208.04,440.01,46.64,granodiorite,2.8091
SYN-RAN-0137,130.31,339.8,28.14,granodiorite,3.7744
SYN-RAN-0138,114.99,392.35,46,andesite,4.7417
SYN-RAN-0139,207.18,466.81,48.71,granodiorite,2.7151
SYN-RAN-0140,279.75,444.12,50.83,andesite,6.2913
SYN-RAN-0141,224.15,378.82,35.24,granodiorite,4.6624
SYN-RAN-0142,153.38,374.51,37.14,granodiorite,3.116
SYN-RAN-0143,256.16,596.27,28.94,granodiorite,8.728
SYN-RAN-0144,237.68,361.55,43.8,andesite,5.886
SYN-RAN-0145,214.1,294.37,47.43,granodiorite,3.965
SYN-RAN-0146,192.77,404.62,31.44,granodiorite,3.4644
SYN-RAN-0147,190.56,486.37,38.49,andesite,5.2956
SYN-RAN-0148,234.79,480.76,50.57,andesite,6.4538
SYN-RAN-0149,204.57,324.47,48.54,granodiorite,3.4847
SYN-RAN-0150,205.08,544.74,43.07,granodiorite,5.6679
SYN-RAN-0151,214.1,479.65,55.61,granodiorite,5.6909
SYN-RAN-0152,313.46,455.9,41.28,granodiorite,5.8843
SYN-RAN-0153,268.43,378.12,42.66,andesite,6.987
SYN-RAN-0154,218.84,476.68,33.33,granodiorite,6.5837
SYN-RAN-0155,148.47,273.8,31.06,andesite,2.7406
SYN-RAN-0156,199.36,425.08,55.5,granodiorite,3.7943
SYN-RAN-0157,269.77,368.22,42.78,andesite,6.8625
SYN-RAN-0158,201.68,425.83,41.48,granodiorite,3.1306
SYN-RAN-0159,247.86,421.16,48.51,andesite,5.5083
SYN-RAN-0160,168.61,450.54,60.78,granodiorite,3.4465
